First Name;Last Name;Company Name;Role In Company;Address;E-Mail;Phone Number;
"Tyler";"Cook";"Intuit";"Paralegal";"7277 main road";"tcook@intuit.kim";"51846494255";
"Sofia";"Hill";"Timepath Inc.";"Advisor";"6321 york road";"shill@timepathinc.joburg";"65101820793";
"Sara";"Ford";"First American Financial Corporation";"Radiologic Technologist";"1010 Dam Road";"sford@firstamericanfinancialcorporation.garden";"62115707774";
"Isabelle";"Cox";"IKEA Holding U.S.";"Cashier";"2114 kings road";"icox@ikeaholdingus.accountants";"32582690618";
"Evelyn";"Butler";"Cisco";"Teacher Assistant";"6993 the grove";"ebutler@cisco.loans";"44704136429";
"Scarlett";"Gill";"Methodist Le Bonheur Healthcare";"Paralegal";"4532 west street";"sgill@methodistlebonheurhealthcare.dance";"57370973150";
"Isabel";"Butler";"Credit Acceptance";"Pharmacy Technician";"8374 park road";"ibutler@creditacceptance.yokohama";"84781685466";
"Julia";"Sutton";"SAP";"Registered Nurse";"4630 kings road";"jsutton@sap.fitness";"64914183383";
"Alice";"Warren";"Aflac";"Real Estate Agent";"9509 north road";"awarren@aflac.zone";"67134405365";
"Lola";"Ryan";"Ultimate Software";"Cost Estimator";"2500 west street";"lryan@ultimatesoftware.com";"32002982520";
"Elliott";"Singh";"Sugarwell";"Computer Programmer";"6727 windsor road";"esingh@sugarwell.website";"66291489079";
"Edward";"Gibson";"SAP";"Radiologic Technologist";"7790 green lane";"egibson@sap.immo";"54643131839";
"Millie";"Harris";"Hilcorp";"Executive Assistant";"9584 highfield road";"mharris@hilcorp.tours";"18914822186";
"Finley";"Clark";"Workday";"Scientist";"1341 george street";"fclark@workday.design";"60208022696";
"Kai";"Harvey";"Deloitte";"Hairdresser";"4962 the drive";"kharvey@deloitte.soccer";"11648081024";
"Harper";"Brown";"Deloitte";"Electrician";"3272 grove road";"hbrown@deloitte.schule";"78929176474";
"Adam";"Carr";"The Container Store";"Loan Officer";"6985 the grove";"acarr@thecontainerstore.supplies";"98963446118";
"Phoebe";"Webster";"Kimley-Horn";"Analyst";"6865 church lane";"pwebster@kimley-horn.bike";"84943707110";
"Benjamin";"Williams";"PwC";"Logistician";"2822 park avenue";"bwilliams@pwc.sarl";"99854843500";
"Nathan";"Wells";"Whole Foods Market";"Dental Hygienist";"9040 main street";"nwells@wholefoodsmarket.properties";"34961017630";
